# Plot layout from md_FieldSHP.shp (ETRS89 / UTM zone 32N), converted to EPSG:32632 and shifted by the origin of the must_c_field terrain (E 357472.44 N 5610188.04): x east, y north, metres.
# Source: MuST-C dataset, Chong et al., https://doi.org/10.60507/FK2/OX9XTM, CC BY 4.0. Generated by agri_ugv_field (make_field_layout).
# Corners run counter-clockwise, starting where the long side begins; heading_deg is the direction of the long side (the crop rows), counter-clockwise from east.
type,plot_id,crop,genotype,variant,centre_x,centre_y,width,length,heading_deg,x1,y1,x2,y2,x3,y3,x4,y4
boundary,0,,,,-0.409,-1.998,44.478,169.592,-5.480,-87.062,-16.065,81.875,-32.194,86.123,12.003,-82.573,28.265
plot,162,Mixture (wheat),Sorbas,SW_10,80.372,6.914,6.003,8.078,84.732,82.997,2.598,83.722,10.642,77.764,11.229,77.005,3.185
plot,163,Mixture (faba-wheat),Sorbas&Fanfare,Mix_B_10,72.607,7.761,6.020,7.656,84.400,75.230,3.658,75.977,11.277,69.985,11.865,69.238,4.245
plot,164,Potato,Gala,,63.640,8.430,6.003,7.655,84.526,66.271,4.326,66.984,11.946,61.027,12.533,60.279,4.913
plot,165,Potato,Gala,,55.884,9.277,6.003,8.078,84.731,58.492,4.962,59.251,13.006,53.259,13.593,52.534,5.548
plot,166,Potato,Belana,,46.923,10.157,6.020,7.656,84.400,49.545,6.054,50.292,13.674,44.301,14.261,43.553,6.641
plot,167,Potato,Belana,,39.152,10.793,6.003,7.655,84.526,41.766,6.690,42.513,14.309,36.522,14.897,35.808,7.276
plot,168,Soybean,Eiko,,30.199,11.673,6.003,8.078,84.731,32.807,7.358,33.566,15.402,27.575,15.989,26.850,7.944
plot,169,Soybean,Minngold,,22.435,12.521,5.986,7.656,84.399,25.040,8.418,25.787,16.038,19.830,16.624,19.082,9.004
plot,170,Sugar Corn,Caramelo,,13.467,13.189,6.003,7.655,84.525,16.081,9.086,16.828,16.706,10.837,17.293,10.124,9.673
plot,171,Sugar Corn,Mirza,,5.712,14.037,6.003,8.078,84.731,8.336,9.721,9.061,17.766,3.104,18.352,2.345,10.309
plot,172,Sugar Corn,PopcornRobust,,-3.250,14.917,5.986,7.656,84.399,-0.645,10.814,0.102,18.434,-5.855,19.020,-6.602,11.401
plot,173,Sugar Corn,Khan,,-11.020,15.553,6.003,7.655,84.525,-8.390,11.449,-7.676,19.070,-13.634,19.656,-14.381,12.037
plot,174,Summerwheat,Granus,450,-19.973,16.433,6.003,8.078,84.730,-17.349,12.118,-16.624,20.162,-22.581,20.749,-23.340,12.705
plot,175,Summerwheat,Granus,350,-27.738,17.281,6.020,7.656,84.399,-25.116,13.178,-24.369,20.797,-30.360,21.385,-31.107,13.765
plot,176,Summerwheat,Granus,250,-36.705,17.950,6.003,7.655,84.525,-34.075,13.846,-33.361,21.466,-39.319,22.053,-40.066,14.433
plot,177,Summerwheat,Granus,150,-44.461,18.797,6.003,8.078,84.730,-41.853,14.482,-41.094,22.526,-47.086,23.113,-47.811,15.068
plot,178,Sugar Beet,BTS 440,Herbicide 100%,-53.423,19.678,6.020,7.656,84.399,-50.801,15.574,-50.053,23.194,-56.045,23.781,-56.792,16.162
plot,179,Sugar Beet,BTS 440,Herbicide 100%,-61.193,20.314,6.003,7.655,84.524,-58.579,16.210,-57.832,23.830,-63.823,24.417,-64.537,16.797
plot,180,Sugar Beet,BTS 440,Herbicide 100%,-70.146,21.194,6.003,8.078,84.730,-67.538,16.879,-66.779,24.922,-72.771,25.510,-73.496,17.465
plot,181,Sugar Beet,BTS 440,Herbicide 100%,-77.910,22.042,5.986,7.656,84.398,-75.305,17.939,-74.558,25.558,-80.515,26.145,-81.263,18.525
plot,182,Mixture (faba),Fanfare,FB_B,79.463,-2.612,5.986,7.656,84.400,82.069,-6.715,82.816,0.905,76.858,1.491,76.111,-6.128
plot,183,Mixture (faba-wheat),Anabel&Fanfare,Mix_B_2,71.693,-1.976,6.003,7.655,84.526,74.324,-6.080,75.037,1.541,69.079,2.127,68.332,-5.492
plot,184,Potato,Gala,,62.732,-1.096,5.986,8.080,84.612,65.331,-5.411,66.090,2.633,60.132,3.219,59.373,-4.824
plot,185,Potato,Gala,,54.967,-0.248,6.003,7.655,84.526,57.598,-4.352,58.311,3.269,52.353,3.855,51.606,-3.764
plot,186,Potato,Belana,,46.008,0.420,6.003,7.655,84.526,48.639,-3.684,49.352,3.937,43.395,4.523,42.647,-3.096
plot,187,Potato,Belana,,38.252,1.268,6.003,8.078,84.731,40.860,-3.048,41.619,4.996,35.627,5.583,34.902,-2.461
plot,188,Soybean,Minngold,,29.282,2.148,6.003,7.655,84.525,31.913,-1.956,32.626,5.665,26.669,6.251,25.921,-1.368
plot,189,Soybean,Eiko,,21.520,2.784,6.003,7.655,84.525,24.134,-1.320,24.881,6.300,18.890,6.887,18.176,-0.733
plot,190,Sugar Corn,Mirza,,12.567,3.664,6.003,8.078,84.731,15.175,-0.652,15.934,7.392,9.943,7.980,9.217,-0.065
plot,191,Sugar Corn,PopcornRobust,,4.803,4.512,5.986,7.656,84.399,7.408,0.409,8.155,8.028,2.198,8.615,1.450,0.995
plot,192,Sugar Corn,Khan,,-4.165,5.180,6.003,7.655,84.525,-1.551,1.077,-0.804,8.696,-6.795,9.284,-7.509,1.663
plot,193,Sugar Corn,Caramelo,,-11.929,6.028,5.986,8.080,84.611,-9.330,1.713,-8.571,9.757,-14.528,10.343,-15.287,2.299
plot,194,Summerwheat,Granus,250,-20.882,6.908,5.986,7.656,84.399,-18.277,2.805,-17.530,10.425,-23.487,11.011,-24.235,3.392
plot,195,Summerwheat,Granus,150,-28.652,7.544,6.003,7.655,84.525,-26.022,3.440,-25.308,11.061,-31.266,11.647,-32.013,4.028
plot,196,Summerwheat,Granus,450,-37.611,8.530,5.979,7.868,84.508,-35.003,4.533,-34.256,12.153,-40.213,12.740,-40.972,4.696
plot,197,Summerwheat,Granus,350,-45.378,9.272,6.003,7.655,84.525,-42.748,5.168,-42.034,12.789,-47.992,13.376,-48.739,5.756
plot,198,Sugar Beet,BTS 440,Herbicide: 75%,-54.331,10.153,6.003,8.078,84.730,-51.707,5.837,-50.982,13.881,-56.939,14.468,-57.698,6.424
plot,199,Sugar Beet,BTS 440,Herbicide: 75%,-62.102,10.788,6.020,8.080,84.611,-59.485,6.473,-58.727,14.517,-64.718,15.104,-65.477,7.060
plot,200,Sugar Beet,BTS 440,Herbicide: 75%,-71.063,11.669,6.003,7.655,84.524,-68.433,7.565,-67.719,15.186,-73.677,15.772,-74.424,8.153
plot,201,Sugar Beet,BTS 440,Herbicide: 75%,-78.825,12.305,6.003,7.655,84.524,-76.211,8.201,-75.464,15.821,-81.455,16.408,-82.169,8.788
plot,202,Mixture (wheat),Anabel,SW_2,78.153,-16.371,6.003,8.078,84.732,80.778,-20.686,81.502,-12.642,75.545,-12.055,74.786,-20.099
plot,203,Mixture (faba-wheat),Sorbas&Fanfare,Mix_B_10,70.385,-15.629,6.013,7.868,84.509,73.010,-19.626,73.758,-12.007,67.766,-11.419,67.008,-19.463
plot,204,Potato,Gala,,61.421,-14.855,6.003,7.655,84.526,64.051,-18.958,64.765,-11.338,58.807,-10.751,58.060,-18.371
plot,205,Potato,Gala,,53.665,-14.007,6.003,8.078,84.731,56.273,-18.322,57.031,-10.279,51.040,-9.691,50.315,-17.736
plot,206,Potato,Belana,,44.703,-13.127,6.020,7.656,84.400,47.325,-17.230,48.073,-9.611,42.081,-9.023,41.334,-16.643
plot,207,Potato,Belana,,36.933,-12.491,6.003,7.655,84.526,39.547,-16.594,40.294,-8.975,34.303,-8.387,33.589,-16.008
plot,208,Soybean,Eiko,,27.980,-11.611,6.003,8.078,84.731,30.588,-15.926,31.346,-7.882,25.355,-7.295,24.630,-15.340
plot,209,Soybean,Minngold,,20.215,-10.763,5.986,7.656,84.399,22.821,-14.866,23.568,-7.246,17.610,-6.660,16.863,-14.280
plot,210,Sugar Corn,PopcornRobust,,11.248,-10.095,6.003,7.655,84.525,13.862,-14.198,14.609,-6.578,8.618,-5.991,7.904,-13.612
plot,211,Sugar Corn,Khan,,3.492,-9.247,6.003,8.078,84.731,6.117,-13.563,6.842,-5.518,0.884,-4.932,0.125,-12.976
plot,212,Sugar Corn,Caramelo,,-5.470,-8.367,5.986,7.656,84.399,-2.864,-12.470,-2.117,-4.850,-8.075,-4.264,-8.822,-11.883
plot,213,Sugar Corn,Mirza,,-13.240,-7.731,6.003,7.655,84.525,-10.609,-11.835,-9.896,-4.214,-15.853,-3.628,-16.601,-11.247
plot,214,Summerwheat,Granus,350,-22.193,-6.851,6.003,8.078,84.730,-19.568,-11.167,-18.843,-3.122,-24.801,-2.535,-25.560,-10.579
plot,215,Summerwheat,Granus,450,-29.957,-6.003,6.020,7.656,84.399,-27.335,-10.106,-26.588,-2.487,-32.579,-1.899,-33.327,-9.519
plot,216,Summerwheat,Granus,150,-38.925,-5.334,6.003,7.655,84.525,-36.294,-9.438,-35.581,-1.818,-41.538,-1.231,-42.286,-8.851
plot,217,Summerwheat,Granus,250,-46.681,-4.487,6.003,8.078,84.730,-44.073,-8.802,-43.314,-0.758,-49.305,-0.171,-50.030,-8.216
plot,218,Sugar Beet,BTS 440,Herbicide: 50%,-55.642,-3.606,6.020,7.656,84.399,-53.020,-7.710,-52.273,-0.090,-58.264,0.497,-59.012,-7.122
plot,219,Sugar Beet,BTS 440,Herbicide: 50%,-63.413,-2.970,6.003,7.655,84.524,-60.799,-7.074,-60.052,0.546,-66.043,1.133,-66.757,-6.487
plot,220,Sugar Beet,BTS 440,Herbicide: 50%,-72.366,-2.090,6.003,8.078,84.730,-69.758,-6.405,-68.999,1.638,-74.990,2.226,-75.715,-5.819
plot,221,Sugar Beet,BTS 440,Herbicide: 50%,-80.130,-1.242,5.986,7.656,84.398,-77.525,-5.345,-76.778,2.274,-82.735,2.861,-83.483,-4.759
plot,222,Mixture (faba),Fanfare,FB_B,77.244,-25.896,5.986,7.656,84.400,79.849,-29.999,80.597,-22.379,74.639,-21.793,73.892,-29.412
plot,223,Mixture (faba-wheat),Anabel&Fanfare,Mix_B_2,69.474,-25.260,6.003,7.655,84.526,72.104,-29.364,72.818,-21.743,66.860,-21.157,66.113,-28.777
plot,224,Potato,Gala,,60.512,-24.380,5.986,8.080,84.612,63.112,-28.695,63.870,-20.651,57.913,-20.065,57.154,-28.109
plot,225,Potato,Gala,,52.748,-23.532,6.003,7.655,84.526,55.378,-27.636,56.092,-20.015,50.134,-19.429,49.387,-27.048
plot,226,Potato,Belana,,43.789,-22.864,6.003,7.655,84.526,46.419,-26.968,47.133,-19.347,41.175,-18.761,40.428,-26.380
plot,227,Potato,Belana,,36.033,-22.016,6.003,8.078,84.731,38.641,-26.332,39.399,-18.288,33.408,-17.701,32.683,-25.745
plot,228,Soybean,Minngold,,27.063,-21.136,6.003,7.655,84.525,29.693,-25.240,30.407,-17.619,24.449,-17.033,23.702,-24.652
plot,229,Soybean,Eiko,,19.301,-20.500,6.003,7.655,84.525,21.915,-24.604,22.662,-16.984,16.671,-16.397,15.957,-24.017
plot,230,Sugar Corn,Khan,,10.348,-19.620,6.003,8.078,84.731,12.956,-23.936,13.714,-15.892,7.723,-15.304,6.998,-23.349
plot,231,Sugar Corn,Caramelo,,2.583,-18.772,5.986,7.656,84.399,5.189,-22.875,5.936,-15.256,-0.022,-14.669,-0.769,-22.289
plot,232,Sugar Corn,Mirza,,-6.384,-18.104,6.003,7.655,84.525,-3.770,-22.207,-3.023,-14.588,-9.015,-14.000,-9.728,-21.621
plot,233,Sugar Corn,PopcornRobust,,-14.149,-17.256,5.986,8.080,84.611,-11.549,-21.571,-10.790,-13.528,-16.748,-12.941,-17.507,-20.985
plot,234,Summerwheat,Granus,150,-23.102,-16.376,5.986,7.656,84.399,-20.497,-20.479,-19.749,-12.859,-25.707,-12.273,-26.454,-19.893
plot,235,Summerwheat,Granus,250,-30.872,-15.740,6.003,7.655,84.525,-28.241,-19.844,-27.528,-12.223,-33.485,-11.637,-34.233,-19.256
plot,236,Summerwheat,Granus,350,-39.834,-14.860,5.986,8.080,84.611,-37.234,-19.175,-36.475,-11.131,-42.433,-10.545,-43.192,-18.588
plot,237,Summerwheat,Granus,450,-47.598,-14.012,6.003,7.655,84.525,-44.968,-18.116,-44.254,-10.495,-50.212,-9.908,-50.959,-17.528
plot,238,Sugar Beet,BTS 440,Herbicide: 0%,-56.554,-13.238,5.996,7.867,84.630,-53.927,-17.447,-53.201,-9.403,-59.171,-9.240,-59.918,-16.860
plot,239,Sugar Beet,BTS 440,Herbicide: 0%,-64.321,-12.496,6.020,8.080,84.611,-61.705,-16.811,-60.946,-8.767,-66.938,-8.180,-67.696,-16.224
plot,240,Sugar Beet,BTS 440,Herbicide: 0%,-73.283,-11.615,6.003,7.655,84.524,-70.653,-15.719,-69.939,-8.098,-75.897,-7.512,-76.644,-15.131
plot,241,Sugar Beet,BTS 440,Herbicide: 0%,-81.045,-10.979,6.003,7.655,84.524,-78.431,-15.083,-77.684,-7.463,-83.675,-6.876,-84.389,-14.496
